[
  {
    "id": "5b8c2f4d9f85e43ce2a1696e",
    "index": 0,
    "guid": "8ffa9d9c-be97-44bb-8365-a4ec26a1bd57",
    "isActive": false,
    "balance": "$2,082.14",
    "picture": "http://placehold.it/32x32",
    "age": 29,
    "eyeColor": "brown",
    "name": {
      "first": "Saunders",
      "last": "Bird"
    },
    "company": "DECRATEX",
    "email": "saunders.bird@decratex.co.uk",
    "phone": "+1 (849) 500-2964",
    "address": "858 Euclid Avenue, Heil, Delaware, 9076",
    "about": "Occaecat enim eiusmod consequat cillum incididunt culpa laboris cupidatat. Et pariatur voluptate qui sint non laborum aliqua nostrud laborum consequat amet cupidatat. Aliquip voluptate esse elit Lorem laboris sit deserunt quis consectetur amet consectetur. Velit nulla occaecat Lorem consequat quis mollit. Consequat est duis id ut velit occaecat. Lorem id minim aute reprehenderit cillum deserunt.",
    "registered": "Sunday, March 25, 2018 4:51 PM",
    "latitude": "-87.102209",
    "longitude": "-9.840158",
    "tags": [
      "id",
      "commodo",
      "deserunt",
      "culpa",
      "minim"
    ],
    "range": [
      0,
      1,
      2,
      3,
      4,
      5,
      6,
      7,
      8,
      9
    ],
    "friends": [
      {
        "id": 0,
        "name": "Head Valdez"
      },
      {
        "id": 1,
        "name": "Carlene Ferrell"
      },
      {
        "id": 2,
        "name": "Scott Wyatt"
      }
    ],
    "greeting": "Hello, Saunders! You have 6 unread messages.",
    "favoriteFruit": "apple"
  },
  {
    "id": "5b8c2f4db986a939ce0a37ec",
    "index": 1,
    "guid": "6653172d-ab99-4341-af12-2282a6317bfe",
    "isActive": false,
    "balance": "$2,328.39",
    "picture": "http://placehold.it/32x32",
    "age": 36,
    "eyeColor": "green",
    "name": {
      "first": "Holden",
      "last": "Calhoun"
    },
    "company": "BALOOBA",
    "email": "holden.calhoun@balooba.org",
    "phone": "+1 (845) 552-2640",
    "address": "992 Hinckley Place, Tooleville, Rhode Island, 1052",
    "about": "Officia aute mollit id ad deserunt amet laborum commodo quis qui adipisicing occaecat aliqua. Sit proident culpa in amet ex consequat ex. Non sint ex duis ad adipisicing ut reprehenderit sit nisi Lorem id deserunt. Do nostrud amet non Lorem elit tempor sunt in dolore in pariatur. Deserunt aliquip dolore ad sint excepteur reprehenderit do tempor consequat proident veniam id consectetur eu.",
    "registered": "Sunday, November 20, 2016 12:41 AM",
    "latitude": "47.650697",
    "longitude": "120.773554",
    "tags": [
      "laboris",
      "dolore",
      "qui",
      "sint",
      "cupidatat"
    ],
    "range": [
      0,
      1,
      2,
      3,
      4,
      5,
      6,
      7,
      8,
      9
    ],
    "friends": [
      {
        "id": 0,
        "name": "Maricela Pierce"
      },
      {
        "id": 1,
        "name": "Osborne Austin"
      },
      {
        "id": 2,
        "name": "Jessie Fields"
      }
    ],
    "greeting": "Hello, Holden! You have 8 unread messages.",
    "favoriteFruit": "apple"
  },
  {
    "id": "5b8c2f4d06783ef62124bab4",
    "index": 2,
    "guid": "68a4931a-50aa-4211-9d8d-d71474d7d693",
    "isActive": false,
    "balance": "$1,958.46",
    "picture": "http://placehold.it/32x32",
    "age": 30,
    "eyeColor": "green",
    "name": {
      "first": "Odonnell",
      "last": "Ross"
    },
    "company": "POSHOME",
    "email": "odonnell.ross@poshome.me",
    "phone": "+1 (930) 476-2954",
    "address": "686 Lloyd Street, Eden, Virginia, 7098",
    "about": "Labore ullamco culpa et officia ad nulla velit proident velit dolor duis magna occaecat incididunt. Excepteur do sunt duis enim eiusmod duis consequat Lorem minim duis ea. Sint dolor id dolore consectetur excepteur sint tempor tempor officia reprehenderit officia qui.",
    "registered": "Tuesday, April 26, 2016 3:41 PM",
    "latitude": "80.646317",
    "longitude": "-1.867587",
    "tags": [
      "sit",
      "pariatur",
      "fugiat",
      "duis",
      "tempor"
    ],
    "range": [
      0,
      1,
      2,
      3,
      4,
      5,
      6,
      7,
      8,
      9
    ],
    "friends": [
      {
        "id": 0,
        "name": "Bonner Rose"
      },
      {
        "id": 1,
        "name": "Bernadine Woodward"
      },
      {
        "id": 2,
        "name": "Ware Mccall"
      }
    ],
    "greeting": "Hello, Odonnell! You have 7 unread messages.",
    "favoriteFruit": "strawberry"
  },
  {
    "id": "5b8c2f4db4f39eca60a6835b",
    "index": 3,
    "guid": "061a7de9-c5b2-4041-92cd-87aab9223ef8",
    "isActive": false,
    "balance": "$1,765.24",
    "picture": "http://placehold.it/32x32",
    "age": 37,
    "eyeColor": "green",
    "name": {
      "first": "Adrian",
      "last": "Davidson"
    },
    "company": "PANZENT",
    "email": "adrian.davidson@panzent.ca",
    "phone": "+1 (864) 525-3557",
    "address": "394 Crescent Street, Aurora, Alaska, 8875",
    "about": "Laborum labore eiusmod tempor fugiat laboris esse deserunt ullamco minim qui qui. Voluptate elit consequat cupidatat deserunt deserunt officia mollit occaecat fugiat. Laborum sit elit id commodo proident commodo.",
    "registered": "Tuesday, July 18, 2017 2:24 PM",
    "latitude": "39.664965",
    "longitude": "100.540687",
    "tags": [
      "deserunt",
      "sint",
      "id",
      "eu",
      "qui"
    ],
    "range": [
      0,
      1,
      2,
      3,
      4,
      5,
      6,
      7,
      8,
      9
    ],
    "friends": [
      {
        "id": 0,
        "name": "Kennedy Morris"
      },
      {
        "id": 1,
        "name": "Corine Roberson"
      },
      {
        "id": 2,
        "name": "Berry Park"
      }
    ],
    "greeting": "Hello, Adrian! You have 10 unread messages.",
    "favoriteFruit": "apple"
  },
  {
    "id": "5b8c2f4d8e0822bc5ed4da18",
    "index": 4,
    "guid": "a172af2f-5351-4351-9288-a57b5768fc43",
    "isActive": false,
    "balance": "$2,714.90",
    "picture": "http://placehold.it/32x32",
    "age": 29,
    "eyeColor": "blue",
    "name": {
      "first": "Farley",
      "last": "Olson"
    },
    "company": "GENMEX",
    "email": "farley.olson@genmex.io",
    "phone": "+1 (933) 454-3396",
    "address": "681 Hart Street, Welch, Massachusetts, 3600",
    "about": "Incididunt labore proident anim culpa et. In ad id ad irure incididunt cupidatat qui dolor cupidatat. Nisi excepteur in quis laborum dolore.",
    "registered": "Friday, December 11, 2015 4:50 PM",
    "latitude": "14.640039",
    "longitude": "-130.529386",
    "tags": [
      "amet",
      "do",
      "dolore",
      "excepteur",
      "incididunt"
    ],
    "range": [
      0,
      1,
      2,
      3,
      4,
      5,
      6,
      7,
      8,
      9
    ],
    "friends": [
      {
        "id": 0,
        "name": "Agnes Harmon"
      },
      {
        "id": 1,
        "name": "Guadalupe Bradshaw"
      },
      {
        "id": 2,
        "name": "Lorraine Cardenas"
      }
    ],
    "greeting": "Hello, Farley! You have 6 unread messages.",
    "favoriteFruit": "apple"
  }
]