[
    {
      "id": "5b8c2edcfe752d9553428f73",
      "index": 0,
      "guid": "3dcd1b32-17ab-442a-a471-4a66a86f0d8d",
      "isActive": true,
      "balance": "$1,747.34",
      "picture": "http://placehold.it/32x32",
      "age": 24,
      "eyeColor": "brown",
      "name": {
        "first": "Yvonne",
        "last": "Parsons"
      },
      "company": "SINGAVERA",
      "email": "yvonne.parsons@singavera.net",
      "phone": "+1 (944) 427-3183",
      "address": "833 Desmond Court, Thatcher, Oregon, 6484",
      "about": "Laboris do elit eiusmod sit. Pariatur consequat consequat enim eu. Dolor voluptate incididunt consequat mollit. Et eiusmod esse excepteur officia non veniam ullamco minim dolore labore anim ea laboris et.",
      "registered": "Monday, August 3, 2015 11:09 PM",
      "latitude": "36.650729",
      "longitude": "62.661545",
      "tags": [
        "est",
        "nulla",
        "non",
        "aliqua",
        "elit"
      ],
      "range": [
        0,
        1,
        2,
        3,
        4,
        5,
        6,
        7,
        8,
        9
      ],
      "friends": [
        {
          "id": 0,
          "name": "Vargas Wood"
        },
        {
          "id": 1,
          "name": "Padilla Massey"
        },
        {
          "id": 2,
          "name": "Howell Mathews"
        }
      ],
      "greeting": "Hello, Yvonne! You have 7 unread messages.",
      "favoriteFruit": "strawberry"
    },
    {
      "id": "5b8c2edce880d08177a02eb6",
      "index": 1,
      "guid": "d58ffec6-a5ee-47a0-8006-87bb3d64e315",
      "isActive": false,
      "balance": "$3,858.70",
      "picture": "http://placehold.it/32x32",
      "age": 25,
      "eyeColor": "brown",
      "name": {
        "first": "Roberta",
        "last": "Higgins"
      },
      "company": "FITCORE",
      "email": "roberta.higgins@fitcore.ca",
      "phone": "+1 (935) 467-2457",
      "address": "767 Townsend Street, Mansfield, Alaska, 5861",
      "about": "Reprehenderit ex sint et veniam nisi duis. Esse voluptate qui tempor aliqua fugiat non officia sit excepteur laboris proident. Ex eu ex nisi do.",
      "registered": "Tuesday, May 12, 2015 8:58 AM",
      "latitude": "-11.924263",
      "longitude": "-12.245752",
      "tags": [
        "aute",
        "duis",
        "veniam",
        "labore",
        "cillum"
      ],
      "range": [
        0,
        1,
        2,
        3,
        4,
        5,
        6,
        7,
        8,
        9
      ],
      "friends": [
        {
          "id": 0,
          "name": "Nadine Giles"
        },
        {
          "id": 1,
          "name": "Foreman Hebert"
        },
        {
          "id": 2,
          "name": "Lacey Humphrey"
        }
      ],
      "greeting": "Hello, Roberta! You have 8 unread messages.",
      "favoriteFruit": "apple"
    },
    {
      "id": "5b8c2edc2c9d8b962c6f9a75",
      "index": 2,
      "guid": "a6521655-5892-4e1e-9fbc-e5ec0d2e2b9c",
      "isActive": false,
      "balance": "$2,717.42",
      "picture": "http://placehold.it/32x32",
      "age": 40,
      "eyeColor": "blue",
      "name": {
        "first": "Johnston",
        "last": "Quinn"
      },
      "company": "ENQUILITY",
      "email": "johnston.quinn@enquility.tv",
      "phone": "+1 (968) 464-3878",
      "address": "555 Seagate Avenue, Teasdale, New Hampshire, 3241",
      "about": "Quis commodo consectetur mollit aliquip quis consectetur laborum commodo fugiat eu nulla sit. Excepteur excepteur elit consequat labore. Duis labore fugiat deserunt cillum ut do. Aliquip amet exercitation ullamco magna consequat officia quis culpa quis duis esse nulla sunt duis. Nulla sint nostrud voluptate ipsum do labore nisi qui veniam consequat esse.",
      "registered": "Saturday, September 24, 2016 4:12 AM",
      "latitude": "65.513055",
      "longitude": "33.750963",
      "tags": [
        "velit",
        "aliqua",
        "excepteur",
        "laboris",
        "officia"
      ],
      "range": [
        0,
        1,
        2,
        3,
        4,
        5,
        6,
        7,
        8,
        9
      ],
      "friends": [
        {
          "id": 0,
          "name": "Cleo Norris"
        },
        {
          "id": 1,
          "name": "Sophie Holman"
        },
        {
          "id": 2,
          "name": "Rosella Wolf"
        }
      ],
      "greeting": "Hello, Johnston! You have 10 unread messages.",
      "favoriteFruit": "apple"
    },
    {
      "id": "5b8c2edc5a554b88cc7ec358",
      "index": 3,
      "guid": "efd5484e-f7a5-4230-a556-09a1c01104be",
      "isActive": true,
      "balance": "$1,014.70",
      "picture": "http://placehold.it/32x32",
      "age": 27,
      "eyeColor": "green",
      "name": {
        "first": "Miles",
        "last": "Hart"
      },
      "company": "ENTROPIX",
      "email": "miles.hart@entropix.biz",
      "phone": "+1 (862) 561-3464",
      "address": "616 Brooklyn Avenue, Sunbury, Guam, 6341",
      "about": "Proident eiusmod irure elit ullamco dolor fugiat. Ullamco sit irure dolore qui laborum fugiat laborum esse elit. Ut laboris magna culpa ut incididunt cillum nisi do.",
      "registered": "Saturday, June 24, 2017 3:58 AM",
      "latitude": "26.370962",
      "longitude": "41.792344",
      "tags": [
        "consequat",
        "reprehenderit",
        "duis",
        "cupidatat",
        "nostrud"
      ],
      "range": [
        0,
        1,
        2,
        3,
        4,
        5,
        6,
        7,
        8,
        9
      ],
      "friends": [
        {
          "id": 0,
          "name": "Audrey Gonzales"
        },
        {
          "id": 1,
          "name": "Noemi Hodges"
        },
        {
          "id": 2,
          "name": "Chen Bray"
        }
      ],
      "greeting": "Hello, Miles! You have 6 unread messages.",
      "favoriteFruit": "banana"
    },
    {
      "id": "5b8c2edcf7d5a2cb0da7a746",
      "index": 4,
      "guid": "2c452a39-0c13-41bb-a1fc-59be9b8c7832",
      "isActive": true,
      "balance": "$1,922.84",
      "picture": "http://placehold.it/32x32",
      "age": 26,
      "eyeColor": "green",
      "name": {
        "first": "Karen",
        "last": "George"
      },
      "company": "JETSILK",
      "email": "karen.george@jetsilk.co.uk",
      "phone": "+1 (955) 593-2844",
      "address": "344 Otsego Street, Lindcove, Indiana, 8157",
      "about": "Enim enim cillum est velit reprehenderit aliquip. Dolore magna minim elit et ullamco incididunt quis sunt dolor ipsum ea in qui. Mollit deserunt elit enim officia deserunt sint. Non incididunt aute laborum adipisicing amet incididunt ullamco quis adipisicing eu irure elit ullamco non. Ullamco sit dolor id voluptate esse duis. Nostrud enim nisi aliquip nisi deserunt aliquip ex. Lorem mollit ut voluptate in laboris.",
      "registered": "Wednesday, July 9, 2014 8:50 PM",
      "latitude": "-34.610793",
      "longitude": "108.206294",
      "tags": [
        "quis",
        "aute",
        "eiusmod",
        "commodo",
        "Lorem"
      ],
      "range": [
        0,
        1,
        2,
        3,
        4,
        5,
        6,
        7,
        8,
        9
      ],
      "friends": [
        {
          "id": 0,
          "name": "Montoya Ramirez"
        },
        {
          "id": 1,
          "name": "Christa Meyers"
        },
        {
          "id": 2,
          "name": "Pace Galloway"
        }
      ],
      "greeting": "Hello, Karen! You have 6 unread messages.",
      "favoriteFruit": "banana"
    }
  ]