[
    {
      "id": "5b8c2f2b92ea70c583883cc8",
      "index": 0,
      "guid": "86175b0a-c17b-40aa-84e3-50c35787e501",
      "isActive": true,
      "balance": "$1,119.85",
      "picture": "http://placehold.it/32x32",
      "age": 40,
      "eyeColor": "brown",
      "name": {
        "first": "Valencia",
        "last": "Bates"
      },
      "company": "HOUSEDOWN",
      "email": "valencia.bates@housedown.me",
      "phone": "+1 (906) 422-3989",
      "address": "643 Georgia Avenue, Canoochee, Hawaii, 447",
      "about": "Ea aliqua enim velit enim mollit occaecat quis. Dolor ipsum sit sit ad dolor ipsum. Enim ullamco pariatur in est dolore esse labore ipsum consectetur esse excepteur aute. Eu nulla ex laboris cupidatat ipsum incididunt consectetur quis cupidatat adipisicing minim qui irure. Laboris eu Lorem do anim. Incididunt mollit in labore Lorem dolore nulla consectetur. In officia consequat laboris deserunt laborum.",
      "registered": "Friday, July 14, 2017 12:33 AM",
      "latitude": "33.135442",
      "longitude": "-13.133961",
      "tags": [
        "aliquip",
        "eiusmod",
        "dolore",
        "cillum",
        "sit"
      ],
      "range": [
        0,
        1,
        2,
        3,
        4,
        5,
        6,
        7,
        8,
        9
      ],
      "friends": [
        {
          "id": 0,
          "name": "Erin Reese"
        },
        {
          "id": 1,
          "name": "Wilder Robertson"
        },
        {
          "id": 2,
          "name": "Estelle Parsons"
        }
      ],
      "greeting": "Hello, Valencia! You have 10 unread messages.",
      "favoriteFruit": "banana"
    },
    {
      "id": "5b8c2f2b2e1824eb25d15d99",
      "index": 1,
      "guid": "8935bcee-77c6-4c11-a534-f377cc1a3c11",
      "isActive": true,
      "balance": "$2,465.72",
      "picture": "http://placehold.it/32x32",
      "age": 37,
      "eyeColor": "blue",
      "name": {
        "first": "Barton",
        "last": "Ratliff"
      },
      "company": "TERRAGO",
      "email": "barton.ratliff@terrago.name",
      "phone": "+1 (946) 434-3104",
      "address": "332 Conselyea Street, Falconaire, Iowa, 2041",
      "about": "Anim sunt officia aliquip occaecat ex eiusmod commodo. Officia sunt esse aliqua enim non consectetur aute nulla ut. Deserunt voluptate enim aliqua tempor proident duis veniam pariatur.",
      "registered": "Saturday, September 16, 2017 8:25 PM",
      "latitude": "-0.78182",
      "longitude": "64.565029",
      "tags": [
        "veniam",
        "Lorem",
        "voluptate",
        "occaecat",
        "ea"
      ],
      "range": [
        0,
        1,
        2,
        3,
        4,
        5,
        6,
        7,
        8,
        9
      ],
      "friends": [
        {
          "id": 0,
          "name": "Hilary Rivas"
        },
        {
          "id": 1,
          "name": "Maldonado Glenn"
        },
        {
          "id": 2,
          "name": "Price Mckee"
        }
      ],
      "greeting": "Hello, Barton! You have 6 unread messages.",
      "favoriteFruit": "strawberry"
    },
    {
      "id": "5b8c2f2bc594112ce084fa43",
      "index": 2,
      "guid": "0bc92bb6-43e6-4f72-af02-a3d01b3cd092",
      "isActive": false,
      "balance": "$2,356.45",
      "picture": "http://placehold.it/32x32",
      "age": 22,
      "eyeColor": "green",
      "name": {
        "first": "Karyn",
        "last": "Santos"
      },
      "company": "OVERFORK",
      "email": "karyn.santos@overfork.us",
      "phone": "+1 (847) 466-3993",
      "address": "492 Locust Street, Bowden, Florida, 5668",
      "about": "Consectetur cillum velit tempor qui ut consequat nulla esse tempor qui occaecat occaecat magna. Labore tempor nulla officia et. Et ad tempor officia est culpa id exercitation pariatur deserunt. Nisi labore tempor amet labore laborum ea proident dolore sint id pariatur voluptate ut. Magna mollit duis voluptate commodo nulla aliquip pariatur voluptate anim sint. Veniam excepteur duis qui culpa in labore laboris consequat fugiat do amet excepteur.",
      "registered": "Wednesday, February 5, 2014 1:12 PM",
      "latitude": "29.279357",
      "longitude": "-159.032055",
      "tags": [
        "labore",
        "quis",
        "consequat",
        "ad",
        "enim"
      ],
      "range": [
        0,
        1,
        2,
        3,
        4,
        5,
        6,
        7,
        8,
        9
      ],
      "friends": [
        {
          "id": 0,
          "name": "Ashley Black"
        },
        {
          "id": 1,
          "name": "Lauri Page"
        },
        {
          "id": 2,
          "name": "Karla Thompson"
        }
      ],
      "greeting": "Hello, Karyn! You have 7 unread messages.",
      "favoriteFruit": "banana"
    },
    {
      "id": "5b8c2f2be622165c2e9e449f",
      "index": 3,
      "guid": "68d35fb1-fbb9-425b-8e0f-4ceae3f533a5",
      "isActive": false,
      "balance": "$1,348.47",
      "picture": "http://placehold.it/32x32",
      "age": 23,
      "eyeColor": "blue",
      "name": {
        "first": "Church",
        "last": "Perry"
      },
      "company": "CAPSCREEN",
      "email": "church.perry@capscreen.com",
      "phone": "+1 (871) 461-3607",
      "address": "718 Bragg Court, Kieler, Alabama, 2463",
      "about": "Magna excepteur cupidatat ullamco dolor commodo ut mollit ipsum. Excepteur laborum tempor et et fugiat aliqua deserunt consequat elit consequat ipsum nisi excepteur. Excepteur officia dolor laborum anim voluptate anim ad non nulla. Culpa consectetur minim deserunt anim eiusmod occaecat est tempor laboris consectetur tempor. Exercitation Lorem amet amet consequat velit et.",
      "registered": "Friday, April 27, 2018 8:52 PM",
      "latitude": "-53.244249",
      "longitude": "-18.918409",
      "tags": [
        "qui",
        "nisi",
        "tempor",
        "nostrud",
        "sint"
      ],
      "range": [
        0,
        1,
        2,
        3,
        4,
        5,
        6,
        7,
        8,
        9
      ],
      "friends": [
        {
          "id": 0,
          "name": "Schmidt Becker"
        },
        {
          "id": 1,
          "name": "Rena Bowen"
        },
        {
          "id": 2,
          "name": "Huber Justice"
        }
      ],
      "greeting": "Hello, Church! You have 5 unread messages.",
      "favoriteFruit": "banana"
    },
    {
      "id": "5b8c2f2b50c53456f7e532da",
      "index": 4,
      "guid": "461086c0-8f21-4c96-9ab2-087a03ebcc79",
      "isActive": true,
      "balance": "$3,487.74",
      "picture": "http://placehold.it/32x32",
      "age": 23,
      "eyeColor": "green",
      "name": {
        "first": "Allison",
        "last": "Cook"
      },
      "company": "ACCUFARM",
      "email": "allison.cook@accufarm.biz",
      "phone": "+1 (974) 481-2132",
      "address": "815 Jerome Avenue, Blairstown, Vermont, 4115",
      "about": "Laborum nulla aliqua do aliqua ea proident sint aliquip tempor. Irure amet Lorem commodo velit. Sint ullamco amet excepteur aliqua anim.",
      "registered": "Monday, March 12, 2018 7:36 AM",
      "latitude": "43.961455",
      "longitude": "110.813687",
      "tags": [
        "et",
        "elit",
        "ex",
        "deserunt",
        "labore"
      ],
      "range": [
        0,
        1,
        2,
        3,
        4,
        5,
        6,
        7,
        8,
        9
      ],
      "friends": [
        {
          "id": 0,
          "name": "Angelina Rojas"
        },
        {
          "id": 1,
          "name": "Alford Estrada"
        },
        {
          "id": 2,
          "name": "Best Sweeney"
        }
      ],
      "greeting": "Hello, Allison! You have 6 unread messages.",
      "favoriteFruit": "banana"
    },
    {
      "id": "5b8c2f2ba811901b96603f5d",
      "index": 5,
      "guid": "54f3a4fc-f66c-4827-8795-3557ef5dfdda",
      "isActive": false,
      "balance": "$1,901.19",
      "picture": "http://placehold.it/32x32",
      "age": 30,
      "eyeColor": "brown",
      "name": {
        "first": "Newton",
        "last": "Preston"
      },
      "company": "ECSTASIA",
      "email": "newton.preston@ecstasia.biz",
      "phone": "+1 (803) 533-3982",
      "address": "308 Saratoga Avenue, Kipp, California, 3335",
      "about": "Ut incididunt incididunt eiusmod laboris occaecat. Veniam minim ullamco culpa veniam minim quis exercitation quis est culpa excepteur consectetur reprehenderit. Est ut qui minim irure do eiusmod sit qui eu deserunt reprehenderit elit sint aliquip.",
      "registered": "Saturday, September 10, 2016 1:02 PM",
      "latitude": "-48.079576",
      "longitude": "76.964097",
      "tags": [
        "aute",
        "minim",
        "magna",
        "velit",
        "culpa"
      ],
      "range": [
        0,
        1,
        2,
        3,
        4,
        5,
        6,
        7,
        8,
        9
      ],
      "friends": [
        {
          "id": 0,
          "name": "Miranda Blair"
        },
        {
          "id": 1,
          "name": "Lorrie Mcmillan"
        },
        {
          "id": 2,
          "name": "Liza Wiley"
        }
      ],
      "greeting": "Hello, Newton! You have 9 unread messages.",
      "favoriteFruit": "banana"
    },
    {
      "id": "5b8c2f2bd2a26e1a9035d9cc",
      "index": 6,
      "guid": "3c64b02b-7382-4aa2-9fb6-0dfdbae55432",
      "isActive": false,
      "balance": "$1,912.31",
      "picture": "http://placehold.it/32x32",
      "age": 31,
      "eyeColor": "brown",
      "name": {
        "first": "Maude",
        "last": "Walsh"
      },
      "company": "JASPER",
      "email": "maude.walsh@jasper.net",
      "phone": "+1 (949) 531-2280",
      "address": "532 Cornelia Street, Allentown, Nebraska, 2291",
      "about": "Officia id consequat occaecat tempor tempor adipisicing adipisicing reprehenderit fugiat ea. Consectetur consectetur voluptate magna in ipsum fugiat. Dolore nulla aliquip quis nulla reprehenderit magna esse non consectetur aute veniam tempor. Ipsum qui reprehenderit irure veniam cillum ea.",
      "registered": "Wednesday, February 25, 2015 12:05 PM",
      "latitude": "-80.4461",
      "longitude": "138.641321",
      "tags": [
        "veniam",
        "enim",
        "qui",
        "et",
        "do"
      ],
      "range": [
        0,
        1,
        2,
        3,
        4,
        5,
        6,
        7,
        8,
        9
      ],
      "friends": [
        {
          "id": 0,
          "name": "Clemons Chapman"
        },
        {
          "id": 1,
          "name": "Rita Molina"
        },
        {
          "id": 2,
          "name": "Bridges Harrell"
        }
      ],
      "greeting": "Hello, Maude! You have 10 unread messages.",
      "favoriteFruit": "strawberry"
    }
  ]